firstName,lastName,level
Auguste,Piccard,Solvay 1927
Émile,Henriot,Solvay 1927
Paul,Ehrenfest,Solvay 1927
Édouard,Herzen,Solvay 1927
Théophile,de Donder,Solvay 1927
Erwin,Schrödinger,Solvay 1927
Jules-Émile,Verschaffelt,Solvay 1927
Wolfgang,Pauli,Solvay 1927
Werner,Heisenberg,Solvay 1927
Ralph,Fowler,Solvay 1927
Léon,Brillouin,Solvay 1927
Peter,Debye,Solvay 1927
Martin,Knudsen,Solvay 1927
William Lawrence,Bragg,Solvay 1927
Hendrik Anthony,Kramers,Solvay 1927
Paul,Dirac,Solvay 1927
Arthur,Compton,Solvay 1927
Louis,de Broglie,Solvay 1927
Max,Born,Solvay 1927
Niels,Bohr,Solvay 1927
Irving,Langmuir,Solvay 1927
Max,Planck,Solvay 1927
Marie,Curie,Solvay 1927
Hendrik,Lorentz,Solvay 1927
Albert,Einstein,Solvay 1927
Paul,Langevin,Solvay 1927
Charles-Eugène,Guye,Solvay 1927
Charles Thomson Rees,Wilson,Solvay 1927
Owen Willans,Richardson,Solvay 1927
